0|A woman stands flying a kite with both hands.
1|Many people on their bikes are near a pink vehicle.
2|A man holds a huge remote control in a store.
3|Little boys are playing t ball on a field.
4|The reflection of a man in barbers chair getting a trim
5|A group of girls on a field playing soccer
6|A person watching a security screen while removing something from a desk.
7|Two adult black bears are standing on their hind legs.
8|A display of artisian pizza on a warming plate.
9|The Thames river near Westminster on a cloudy evening.
10|Two elephants standing next to each other in a field.
11|A large jumbo jet plane taking off on the runway.
12|A large group of people and a man on a motor bike.
13|A man blow drying a dog in front of a curtain.
14|A fun cake with half gone and covered in blue frosting.
15|A zoo elephant enclosure on a sunny day with visitors watching the elephants.
16|A small outdoor enclosure is holding a group of cows.
17|Bathroom with sink, shower, towels, curtain, and more with window
18|A group of young men standing around an open box of pizza.
19|the bus is stopped at the bus stop